{
    "dmgModifier": 0.800000011920929,
    "plyrdmgModifier": 0.800000011920929,
    "mindmg": 1350.0,
    "subtractmindmg": 1,
    "logcrashes": 0
}